kind	cohort	rep	tag_a	tag_b
rsplit	TCGA-BRCA	0	rsplit__TCGA-BRCA__r0__A	rsplit__TCGA-BRCA__r0__B
shuffle	TCGA-BRCA	0	shuf__TCGA-BRCA__r0__A	shuf__TCGA-BRCA__r0__B
tsplit	TCGA-BRCA	0	tsplit__TCGA-BRCA__r0__A	tsplit__TCGA-BRCA__r0__B
rsplit	TCGA-BRCA	1	rsplit__TCGA-BRCA__r1__A	rsplit__TCGA-BRCA__r1__B
shuffle	TCGA-BRCA	1	shuf__TCGA-BRCA__r1__A	shuf__TCGA-BRCA__r1__B
tsplit	TCGA-BRCA	1	tsplit__TCGA-BRCA__r1__A	tsplit__TCGA-BRCA__r1__B
rsplit	TCGA-BRCA	2	rsplit__TCGA-BRCA__r2__A	rsplit__TCGA-BRCA__r2__B
shuffle	TCGA-BRCA	2	shuf__TCGA-BRCA__r2__A	shuf__TCGA-BRCA__r2__B
tsplit	TCGA-BRCA	2	tsplit__TCGA-BRCA__r2__A	tsplit__TCGA-BRCA__r2__B
rsplit	TCGA-BRCA	3	rsplit__TCGA-BRCA__r3__A	rsplit__TCGA-BRCA__r3__B
shuffle	TCGA-BRCA	3	shuf__TCGA-BRCA__r3__A	shuf__TCGA-BRCA__r3__B
tsplit	TCGA-BRCA	3	tsplit__TCGA-BRCA__r3__A	tsplit__TCGA-BRCA__r3__B
rsplit	TCGA-BRCA	4	rsplit__TCGA-BRCA__r4__A	rsplit__TCGA-BRCA__r4__B
shuffle	TCGA-BRCA	4	shuf__TCGA-BRCA__r4__A	shuf__TCGA-BRCA__r4__B
tsplit	TCGA-BRCA	4	tsplit__TCGA-BRCA__r4__A	tsplit__TCGA-BRCA__r4__B
rsplit	TCGA-BRCA	5	rsplit__TCGA-BRCA__r5__A	rsplit__TCGA-BRCA__r5__B
shuffle	TCGA-BRCA	5	shuf__TCGA-BRCA__r5__A	shuf__TCGA-BRCA__r5__B
tsplit	TCGA-BRCA	5	tsplit__TCGA-BRCA__r5__A	tsplit__TCGA-BRCA__r5__B
rsplit	TCGA-BRCA	6	rsplit__TCGA-BRCA__r6__A	rsplit__TCGA-BRCA__r6__B
shuffle	TCGA-BRCA	6	shuf__TCGA-BRCA__r6__A	shuf__TCGA-BRCA__r6__B
tsplit	TCGA-BRCA	6	tsplit__TCGA-BRCA__r6__A	tsplit__TCGA-BRCA__r6__B
rsplit	TCGA-BRCA	7	rsplit__TCGA-BRCA__r7__A	rsplit__TCGA-BRCA__r7__B
shuffle	TCGA-BRCA	7	shuf__TCGA-BRCA__r7__A	shuf__TCGA-BRCA__r7__B
tsplit	TCGA-BRCA	7	tsplit__TCGA-BRCA__r7__A	tsplit__TCGA-BRCA__r7__B
rsplit	TCGA-BRCA	8	rsplit__TCGA-BRCA__r8__A	rsplit__TCGA-BRCA__r8__B
tsplit	TCGA-BRCA	8	tsplit__TCGA-BRCA__r8__A	tsplit__TCGA-BRCA__r8__B
rsplit	TCGA-BRCA	9	rsplit__TCGA-BRCA__r9__A	rsplit__TCGA-BRCA__r9__B
tsplit	TCGA-BRCA	9	tsplit__TCGA-BRCA__r9__A	tsplit__TCGA-BRCA__r9__B
rsplit	TCGA-BRCA	10	rsplit__TCGA-BRCA__r10__A	rsplit__TCGA-BRCA__r10__B
tsplit	TCGA-BRCA	10	tsplit__TCGA-BRCA__r10__A	tsplit__TCGA-BRCA__r10__B
rsplit	TCGA-BRCA	11	rsplit__TCGA-BRCA__r11__A	rsplit__TCGA-BRCA__r11__B
tsplit	TCGA-BRCA	11	tsplit__TCGA-BRCA__r11__A	tsplit__TCGA-BRCA__r11__B
rsplit	TCGA-BRCA	12	rsplit__TCGA-BRCA__r12__A	rsplit__TCGA-BRCA__r12__B
tsplit	TCGA-BRCA	12	tsplit__TCGA-BRCA__r12__A	tsplit__TCGA-BRCA__r12__B
rsplit	TCGA-BRCA	13	rsplit__TCGA-BRCA__r13__A	rsplit__TCGA-BRCA__r13__B
tsplit	TCGA-BRCA	13	tsplit__TCGA-BRCA__r13__A	tsplit__TCGA-BRCA__r13__B
rsplit	TCGA-BRCA	14	rsplit__TCGA-BRCA__r14__A	rsplit__TCGA-BRCA__r14__B
tsplit	TCGA-BRCA	14	tsplit__TCGA-BRCA__r14__A	tsplit__TCGA-BRCA__r14__B
rsplit	TCGA-COAD	0	rsplit__TCGA-COAD__r0__A	rsplit__TCGA-COAD__r0__B
shuffle	TCGA-COAD	0	shuf__TCGA-COAD__r0__A	shuf__TCGA-COAD__r0__B
tsplit	TCGA-COAD	0	tsplit__TCGA-COAD__r0__A	tsplit__TCGA-COAD__r0__B
rsplit	TCGA-COAD	1	rsplit__TCGA-COAD__r1__A	rsplit__TCGA-COAD__r1__B
shuffle	TCGA-COAD	1	shuf__TCGA-COAD__r1__A	shuf__TCGA-COAD__r1__B
tsplit	TCGA-COAD	1	tsplit__TCGA-COAD__r1__A	tsplit__TCGA-COAD__r1__B
rsplit	TCGA-COAD	2	rsplit__TCGA-COAD__r2__A	rsplit__TCGA-COAD__r2__B
shuffle	TCGA-COAD	2	shuf__TCGA-COAD__r2__A	shuf__TCGA-COAD__r2__B
tsplit	TCGA-COAD	2	tsplit__TCGA-COAD__r2__A	tsplit__TCGA-COAD__r2__B
rsplit	TCGA-COAD	3	rsplit__TCGA-COAD__r3__A	rsplit__TCGA-COAD__r3__B
shuffle	TCGA-COAD	3	shuf__TCGA-COAD__r3__A	shuf__TCGA-COAD__r3__B
tsplit	TCGA-COAD	3	tsplit__TCGA-COAD__r3__A	tsplit__TCGA-COAD__r3__B
rsplit	TCGA-COAD	4	rsplit__TCGA-COAD__r4__A	rsplit__TCGA-COAD__r4__B
shuffle	TCGA-COAD	4	shuf__TCGA-COAD__r4__A	shuf__TCGA-COAD__r4__B
tsplit	TCGA-COAD	4	tsplit__TCGA-COAD__r4__A	tsplit__TCGA-COAD__r4__B
rsplit	TCGA-COAD	5	rsplit__TCGA-COAD__r5__A	rsplit__TCGA-COAD__r5__B
shuffle	TCGA-COAD	5	shuf__TCGA-COAD__r5__A	shuf__TCGA-COAD__r5__B
tsplit	TCGA-COAD	5	tsplit__TCGA-COAD__r5__A	tsplit__TCGA-COAD__r5__B
rsplit	TCGA-COAD	6	rsplit__TCGA-COAD__r6__A	rsplit__TCGA-COAD__r6__B
shuffle	TCGA-COAD	6	shuf__TCGA-COAD__r6__A	shuf__TCGA-COAD__r6__B
tsplit	TCGA-COAD	6	tsplit__TCGA-COAD__r6__A	tsplit__TCGA-COAD__r6__B
rsplit	TCGA-COAD	7	rsplit__TCGA-COAD__r7__A	rsplit__TCGA-COAD__r7__B
shuffle	TCGA-COAD	7	shuf__TCGA-COAD__r7__A	shuf__TCGA-COAD__r7__B
tsplit	TCGA-COAD	7	tsplit__TCGA-COAD__r7__A	tsplit__TCGA-COAD__r7__B
rsplit	TCGA-COAD	8	rsplit__TCGA-COAD__r8__A	rsplit__TCGA-COAD__r8__B
tsplit	TCGA-COAD	8	tsplit__TCGA-COAD__r8__A	tsplit__TCGA-COAD__r8__B
rsplit	TCGA-COAD	9	rsplit__TCGA-COAD__r9__A	rsplit__TCGA-COAD__r9__B
tsplit	TCGA-COAD	9	tsplit__TCGA-COAD__r9__A	tsplit__TCGA-COAD__r9__B
rsplit	TCGA-COAD	10	rsplit__TCGA-COAD__r10__A	rsplit__TCGA-COAD__r10__B
tsplit	TCGA-COAD	10	tsplit__TCGA-COAD__r10__A	tsplit__TCGA-COAD__r10__B
rsplit	TCGA-COAD	11	rsplit__TCGA-COAD__r11__A	rsplit__TCGA-COAD__r11__B
tsplit	TCGA-COAD	11	tsplit__TCGA-COAD__r11__A	tsplit__TCGA-COAD__r11__B
rsplit	TCGA-COAD	12	rsplit__TCGA-COAD__r12__A	rsplit__TCGA-COAD__r12__B
tsplit	TCGA-COAD	12	tsplit__TCGA-COAD__r12__A	tsplit__TCGA-COAD__r12__B
rsplit	TCGA-COAD	13	rsplit__TCGA-COAD__r13__A	rsplit__TCGA-COAD__r13__B
tsplit	TCGA-COAD	13	tsplit__TCGA-COAD__r13__A	tsplit__TCGA-COAD__r13__B
rsplit	TCGA-COAD	14	rsplit__TCGA-COAD__r14__A	rsplit__TCGA-COAD__r14__B
tsplit	TCGA-COAD	14	tsplit__TCGA-COAD__r14__A	tsplit__TCGA-COAD__r14__B
rsplit	TCGA-KIRC	0	rsplit__TCGA-KIRC__r0__A	rsplit__TCGA-KIRC__r0__B
shuffle	TCGA-KIRC	0	shuf__TCGA-KIRC__r0__A	shuf__TCGA-KIRC__r0__B
tsplit	TCGA-KIRC	0	tsplit__TCGA-KIRC__r0__A	tsplit__TCGA-KIRC__r0__B
rsplit	TCGA-KIRC	1	rsplit__TCGA-KIRC__r1__A	rsplit__TCGA-KIRC__r1__B
shuffle	TCGA-KIRC	1	shuf__TCGA-KIRC__r1__A	shuf__TCGA-KIRC__r1__B
tsplit	TCGA-KIRC	1	tsplit__TCGA-KIRC__r1__A	tsplit__TCGA-KIRC__r1__B
rsplit	TCGA-KIRC	2	rsplit__TCGA-KIRC__r2__A	rsplit__TCGA-KIRC__r2__B
shuffle	TCGA-KIRC	2	shuf__TCGA-KIRC__r2__A	shuf__TCGA-KIRC__r2__B
tsplit	TCGA-KIRC	2	tsplit__TCGA-KIRC__r2__A	tsplit__TCGA-KIRC__r2__B
rsplit	TCGA-KIRC	3	rsplit__TCGA-KIRC__r3__A	rsplit__TCGA-KIRC__r3__B
shuffle	TCGA-KIRC	3	shuf__TCGA-KIRC__r3__A	shuf__TCGA-KIRC__r3__B
tsplit	TCGA-KIRC	3	tsplit__TCGA-KIRC__r3__A	tsplit__TCGA-KIRC__r3__B
rsplit	TCGA-KIRC	4	rsplit__TCGA-KIRC__r4__A	rsplit__TCGA-KIRC__r4__B
shuffle	TCGA-KIRC	4	shuf__TCGA-KIRC__r4__A	shuf__TCGA-KIRC__r4__B
tsplit	TCGA-KIRC	4	tsplit__TCGA-KIRC__r4__A	tsplit__TCGA-KIRC__r4__B
rsplit	TCGA-KIRC	5	rsplit__TCGA-KIRC__r5__A	rsplit__TCGA-KIRC__r5__B
shuffle	TCGA-KIRC	5	shuf__TCGA-KIRC__r5__A	shuf__TCGA-KIRC__r5__B
tsplit	TCGA-KIRC	5	tsplit__TCGA-KIRC__r5__A	tsplit__TCGA-KIRC__r5__B
rsplit	TCGA-KIRC	6	rsplit__TCGA-KIRC__r6__A	rsplit__TCGA-KIRC__r6__B
shuffle	TCGA-KIRC	6	shuf__TCGA-KIRC__r6__A	shuf__TCGA-KIRC__r6__B
tsplit	TCGA-KIRC	6	tsplit__TCGA-KIRC__r6__A	tsplit__TCGA-KIRC__r6__B
rsplit	TCGA-KIRC	7	rsplit__TCGA-KIRC__r7__A	rsplit__TCGA-KIRC__r7__B
shuffle	TCGA-KIRC	7	shuf__TCGA-KIRC__r7__A	shuf__TCGA-KIRC__r7__B
tsplit	TCGA-KIRC	7	tsplit__TCGA-KIRC__r7__A	tsplit__TCGA-KIRC__r7__B
rsplit	TCGA-KIRC	8	rsplit__TCGA-KIRC__r8__A	rsplit__TCGA-KIRC__r8__B
tsplit	TCGA-KIRC	8	tsplit__TCGA-KIRC__r8__A	tsplit__TCGA-KIRC__r8__B
rsplit	TCGA-KIRC	9	rsplit__TCGA-KIRC__r9__A	rsplit__TCGA-KIRC__r9__B
tsplit	TCGA-KIRC	9	tsplit__TCGA-KIRC__r9__A	tsplit__TCGA-KIRC__r9__B
rsplit	TCGA-KIRC	10	rsplit__TCGA-KIRC__r10__A	rsplit__TCGA-KIRC__r10__B
tsplit	TCGA-KIRC	10	tsplit__TCGA-KIRC__r10__A	tsplit__TCGA-KIRC__r10__B
rsplit	TCGA-KIRC	11	rsplit__TCGA-KIRC__r11__A	rsplit__TCGA-KIRC__r11__B
tsplit	TCGA-KIRC	11	tsplit__TCGA-KIRC__r11__A	tsplit__TCGA-KIRC__r11__B
rsplit	TCGA-KIRC	12	rsplit__TCGA-KIRC__r12__A	rsplit__TCGA-KIRC__r12__B
tsplit	TCGA-KIRC	12	tsplit__TCGA-KIRC__r12__A	tsplit__TCGA-KIRC__r12__B
rsplit	TCGA-KIRC	13	rsplit__TCGA-KIRC__r13__A	rsplit__TCGA-KIRC__r13__B
tsplit	TCGA-KIRC	13	tsplit__TCGA-KIRC__r13__A	tsplit__TCGA-KIRC__r13__B
rsplit	TCGA-KIRC	14	rsplit__TCGA-KIRC__r14__A	rsplit__TCGA-KIRC__r14__B
tsplit	TCGA-KIRC	14	tsplit__TCGA-KIRC__r14__A	tsplit__TCGA-KIRC__r14__B
rsplit	TCGA-LIHC	0	rsplit__TCGA-LIHC__r0__A	rsplit__TCGA-LIHC__r0__B
shuffle	TCGA-LIHC	0	shuf__TCGA-LIHC__r0__A	shuf__TCGA-LIHC__r0__B
tsplit	TCGA-LIHC	0	tsplit__TCGA-LIHC__r0__A	tsplit__TCGA-LIHC__r0__B
rsplit	TCGA-LIHC	1	rsplit__TCGA-LIHC__r1__A	rsplit__TCGA-LIHC__r1__B
shuffle	TCGA-LIHC	1	shuf__TCGA-LIHC__r1__A	shuf__TCGA-LIHC__r1__B
tsplit	TCGA-LIHC	1	tsplit__TCGA-LIHC__r1__A	tsplit__TCGA-LIHC__r1__B
rsplit	TCGA-LIHC	2	rsplit__TCGA-LIHC__r2__A	rsplit__TCGA-LIHC__r2__B
shuffle	TCGA-LIHC	2	shuf__TCGA-LIHC__r2__A	shuf__TCGA-LIHC__r2__B
tsplit	TCGA-LIHC	2	tsplit__TCGA-LIHC__r2__A	tsplit__TCGA-LIHC__r2__B
rsplit	TCGA-LIHC	3	rsplit__TCGA-LIHC__r3__A	rsplit__TCGA-LIHC__r3__B
shuffle	TCGA-LIHC	3	shuf__TCGA-LIHC__r3__A	shuf__TCGA-LIHC__r3__B
tsplit	TCGA-LIHC	3	tsplit__TCGA-LIHC__r3__A	tsplit__TCGA-LIHC__r3__B
rsplit	TCGA-LIHC	4	rsplit__TCGA-LIHC__r4__A	rsplit__TCGA-LIHC__r4__B
shuffle	TCGA-LIHC	4	shuf__TCGA-LIHC__r4__A	shuf__TCGA-LIHC__r4__B
tsplit	TCGA-LIHC	4	tsplit__TCGA-LIHC__r4__A	tsplit__TCGA-LIHC__r4__B
rsplit	TCGA-LIHC	5	rsplit__TCGA-LIHC__r5__A	rsplit__TCGA-LIHC__r5__B
shuffle	TCGA-LIHC	5	shuf__TCGA-LIHC__r5__A	shuf__TCGA-LIHC__r5__B
tsplit	TCGA-LIHC	5	tsplit__TCGA-LIHC__r5__A	tsplit__TCGA-LIHC__r5__B
rsplit	TCGA-LIHC	6	rsplit__TCGA-LIHC__r6__A	rsplit__TCGA-LIHC__r6__B
shuffle	TCGA-LIHC	6	shuf__TCGA-LIHC__r6__A	shuf__TCGA-LIHC__r6__B
tsplit	TCGA-LIHC	6	tsplit__TCGA-LIHC__r6__A	tsplit__TCGA-LIHC__r6__B
rsplit	TCGA-LIHC	7	rsplit__TCGA-LIHC__r7__A	rsplit__TCGA-LIHC__r7__B
shuffle	TCGA-LIHC	7	shuf__TCGA-LIHC__r7__A	shuf__TCGA-LIHC__r7__B
tsplit	TCGA-LIHC	7	tsplit__TCGA-LIHC__r7__A	tsplit__TCGA-LIHC__r7__B
rsplit	TCGA-LIHC	8	rsplit__TCGA-LIHC__r8__A	rsplit__TCGA-LIHC__r8__B
tsplit	TCGA-LIHC	8	tsplit__TCGA-LIHC__r8__A	tsplit__TCGA-LIHC__r8__B
rsplit	TCGA-LIHC	9	rsplit__TCGA-LIHC__r9__A	rsplit__TCGA-LIHC__r9__B
tsplit	TCGA-LIHC	9	tsplit__TCGA-LIHC__r9__A	tsplit__TCGA-LIHC__r9__B
rsplit	TCGA-LIHC	10	rsplit__TCGA-LIHC__r10__A	rsplit__TCGA-LIHC__r10__B
tsplit	TCGA-LIHC	10	tsplit__TCGA-LIHC__r10__A	tsplit__TCGA-LIHC__r10__B
rsplit	TCGA-LIHC	11	rsplit__TCGA-LIHC__r11__A	rsplit__TCGA-LIHC__r11__B
tsplit	TCGA-LIHC	11	tsplit__TCGA-LIHC__r11__A	tsplit__TCGA-LIHC__r11__B
rsplit	TCGA-LIHC	12	rsplit__TCGA-LIHC__r12__A	rsplit__TCGA-LIHC__r12__B
tsplit	TCGA-LIHC	12	tsplit__TCGA-LIHC__r12__A	tsplit__TCGA-LIHC__r12__B
rsplit	TCGA-LIHC	13	rsplit__TCGA-LIHC__r13__A	rsplit__TCGA-LIHC__r13__B
tsplit	TCGA-LIHC	13	tsplit__TCGA-LIHC__r13__A	tsplit__TCGA-LIHC__r13__B
rsplit	TCGA-LIHC	14	rsplit__TCGA-LIHC__r14__A	rsplit__TCGA-LIHC__r14__B
tsplit	TCGA-LIHC	14	tsplit__TCGA-LIHC__r14__A	tsplit__TCGA-LIHC__r14__B
rsplit	TCGA-LUSC	0	rsplit__TCGA-LUSC__r0__A	rsplit__TCGA-LUSC__r0__B
shuffle	TCGA-LUSC	0	shuf__TCGA-LUSC__r0__A	shuf__TCGA-LUSC__r0__B
tsplit	TCGA-LUSC	0	tsplit__TCGA-LUSC__r0__A	tsplit__TCGA-LUSC__r0__B
rsplit	TCGA-LUSC	1	rsplit__TCGA-LUSC__r1__A	rsplit__TCGA-LUSC__r1__B
shuffle	TCGA-LUSC	1	shuf__TCGA-LUSC__r1__A	shuf__TCGA-LUSC__r1__B
tsplit	TCGA-LUSC	1	tsplit__TCGA-LUSC__r1__A	tsplit__TCGA-LUSC__r1__B
rsplit	TCGA-LUSC	2	rsplit__TCGA-LUSC__r2__A	rsplit__TCGA-LUSC__r2__B
shuffle	TCGA-LUSC	2	shuf__TCGA-LUSC__r2__A	shuf__TCGA-LUSC__r2__B
tsplit	TCGA-LUSC	2	tsplit__TCGA-LUSC__r2__A	tsplit__TCGA-LUSC__r2__B
rsplit	TCGA-LUSC	3	rsplit__TCGA-LUSC__r3__A	rsplit__TCGA-LUSC__r3__B
shuffle	TCGA-LUSC	3	shuf__TCGA-LUSC__r3__A	shuf__TCGA-LUSC__r3__B
tsplit	TCGA-LUSC	3	tsplit__TCGA-LUSC__r3__A	tsplit__TCGA-LUSC__r3__B
rsplit	TCGA-LUSC	4	rsplit__TCGA-LUSC__r4__A	rsplit__TCGA-LUSC__r4__B
shuffle	TCGA-LUSC	4	shuf__TCGA-LUSC__r4__A	shuf__TCGA-LUSC__r4__B
tsplit	TCGA-LUSC	4	tsplit__TCGA-LUSC__r4__A	tsplit__TCGA-LUSC__r4__B
rsplit	TCGA-LUSC	5	rsplit__TCGA-LUSC__r5__A	rsplit__TCGA-LUSC__r5__B
shuffle	TCGA-LUSC	5	shuf__TCGA-LUSC__r5__A	shuf__TCGA-LUSC__r5__B
tsplit	TCGA-LUSC	5	tsplit__TCGA-LUSC__r5__A	tsplit__TCGA-LUSC__r5__B
rsplit	TCGA-LUSC	6	rsplit__TCGA-LUSC__r6__A	rsplit__TCGA-LUSC__r6__B
shuffle	TCGA-LUSC	6	shuf__TCGA-LUSC__r6__A	shuf__TCGA-LUSC__r6__B
tsplit	TCGA-LUSC	6	tsplit__TCGA-LUSC__r6__A	tsplit__TCGA-LUSC__r6__B
rsplit	TCGA-LUSC	7	rsplit__TCGA-LUSC__r7__A	rsplit__TCGA-LUSC__r7__B
shuffle	TCGA-LUSC	7	shuf__TCGA-LUSC__r7__A	shuf__TCGA-LUSC__r7__B
tsplit	TCGA-LUSC	7	tsplit__TCGA-LUSC__r7__A	tsplit__TCGA-LUSC__r7__B
rsplit	TCGA-LUSC	8	rsplit__TCGA-LUSC__r8__A	rsplit__TCGA-LUSC__r8__B
tsplit	TCGA-LUSC	8	tsplit__TCGA-LUSC__r8__A	tsplit__TCGA-LUSC__r8__B
rsplit	TCGA-LUSC	9	rsplit__TCGA-LUSC__r9__A	rsplit__TCGA-LUSC__r9__B
tsplit	TCGA-LUSC	9	tsplit__TCGA-LUSC__r9__A	tsplit__TCGA-LUSC__r9__B
rsplit	TCGA-LUSC	10	rsplit__TCGA-LUSC__r10__A	rsplit__TCGA-LUSC__r10__B
tsplit	TCGA-LUSC	10	tsplit__TCGA-LUSC__r10__A	tsplit__TCGA-LUSC__r10__B
rsplit	TCGA-LUSC	11	rsplit__TCGA-LUSC__r11__A	rsplit__TCGA-LUSC__r11__B
tsplit	TCGA-LUSC	11	tsplit__TCGA-LUSC__r11__A	tsplit__TCGA-LUSC__r11__B
rsplit	TCGA-LUSC	12	rsplit__TCGA-LUSC__r12__A	rsplit__TCGA-LUSC__r12__B
tsplit	TCGA-LUSC	12	tsplit__TCGA-LUSC__r12__A	tsplit__TCGA-LUSC__r12__B
rsplit	TCGA-LUSC	13	rsplit__TCGA-LUSC__r13__A	rsplit__TCGA-LUSC__r13__B
tsplit	TCGA-LUSC	13	tsplit__TCGA-LUSC__r13__A	tsplit__TCGA-LUSC__r13__B
rsplit	TCGA-LUSC	14	rsplit__TCGA-LUSC__r14__A	rsplit__TCGA-LUSC__r14__B
tsplit	TCGA-LUSC	14	tsplit__TCGA-LUSC__r14__A	tsplit__TCGA-LUSC__r14__B
rsplit	TCGA-PRAD	0	rsplit__TCGA-PRAD__r0__A	rsplit__TCGA-PRAD__r0__B
shuffle	TCGA-PRAD	0	shuf__TCGA-PRAD__r0__A	shuf__TCGA-PRAD__r0__B
tsplit	TCGA-PRAD	0	tsplit__TCGA-PRAD__r0__A	tsplit__TCGA-PRAD__r0__B
rsplit	TCGA-PRAD	1	rsplit__TCGA-PRAD__r1__A	rsplit__TCGA-PRAD__r1__B
shuffle	TCGA-PRAD	1	shuf__TCGA-PRAD__r1__A	shuf__TCGA-PRAD__r1__B
tsplit	TCGA-PRAD	1	tsplit__TCGA-PRAD__r1__A	tsplit__TCGA-PRAD__r1__B
rsplit	TCGA-PRAD	2	rsplit__TCGA-PRAD__r2__A	rsplit__TCGA-PRAD__r2__B
shuffle	TCGA-PRAD	2	shuf__TCGA-PRAD__r2__A	shuf__TCGA-PRAD__r2__B
tsplit	TCGA-PRAD	2	tsplit__TCGA-PRAD__r2__A	tsplit__TCGA-PRAD__r2__B
rsplit	TCGA-PRAD	3	rsplit__TCGA-PRAD__r3__A	rsplit__TCGA-PRAD__r3__B
shuffle	TCGA-PRAD	3	shuf__TCGA-PRAD__r3__A	shuf__TCGA-PRAD__r3__B
tsplit	TCGA-PRAD	3	tsplit__TCGA-PRAD__r3__A	tsplit__TCGA-PRAD__r3__B
rsplit	TCGA-PRAD	4	rsplit__TCGA-PRAD__r4__A	rsplit__TCGA-PRAD__r4__B
shuffle	TCGA-PRAD	4	shuf__TCGA-PRAD__r4__A	shuf__TCGA-PRAD__r4__B
tsplit	TCGA-PRAD	4	tsplit__TCGA-PRAD__r4__A	tsplit__TCGA-PRAD__r4__B
rsplit	TCGA-PRAD	5	rsplit__TCGA-PRAD__r5__A	rsplit__TCGA-PRAD__r5__B
shuffle	TCGA-PRAD	5	shuf__TCGA-PRAD__r5__A	shuf__TCGA-PRAD__r5__B
tsplit	TCGA-PRAD	5	tsplit__TCGA-PRAD__r5__A	tsplit__TCGA-PRAD__r5__B
rsplit	TCGA-PRAD	6	rsplit__TCGA-PRAD__r6__A	rsplit__TCGA-PRAD__r6__B
shuffle	TCGA-PRAD	6	shuf__TCGA-PRAD__r6__A	shuf__TCGA-PRAD__r6__B
tsplit	TCGA-PRAD	6	tsplit__TCGA-PRAD__r6__A	tsplit__TCGA-PRAD__r6__B
rsplit	TCGA-PRAD	7	rsplit__TCGA-PRAD__r7__A	rsplit__TCGA-PRAD__r7__B
shuffle	TCGA-PRAD	7	shuf__TCGA-PRAD__r7__A	shuf__TCGA-PRAD__r7__B
tsplit	TCGA-PRAD	7	tsplit__TCGA-PRAD__r7__A	tsplit__TCGA-PRAD__r7__B
rsplit	TCGA-PRAD	8	rsplit__TCGA-PRAD__r8__A	rsplit__TCGA-PRAD__r8__B
tsplit	TCGA-PRAD	8	tsplit__TCGA-PRAD__r8__A	tsplit__TCGA-PRAD__r8__B
rsplit	TCGA-PRAD	9	rsplit__TCGA-PRAD__r9__A	rsplit__TCGA-PRAD__r9__B
tsplit	TCGA-PRAD	9	tsplit__TCGA-PRAD__r9__A	tsplit__TCGA-PRAD__r9__B
rsplit	TCGA-PRAD	10	rsplit__TCGA-PRAD__r10__A	rsplit__TCGA-PRAD__r10__B
tsplit	TCGA-PRAD	10	tsplit__TCGA-PRAD__r10__A	tsplit__TCGA-PRAD__r10__B
rsplit	TCGA-PRAD	11	rsplit__TCGA-PRAD__r11__A	rsplit__TCGA-PRAD__r11__B
tsplit	TCGA-PRAD	11	tsplit__TCGA-PRAD__r11__A	tsplit__TCGA-PRAD__r11__B
rsplit	TCGA-PRAD	12	rsplit__TCGA-PRAD__r12__A	rsplit__TCGA-PRAD__r12__B
tsplit	TCGA-PRAD	12	tsplit__TCGA-PRAD__r12__A	tsplit__TCGA-PRAD__r12__B
rsplit	TCGA-PRAD	13	rsplit__TCGA-PRAD__r13__A	rsplit__TCGA-PRAD__r13__B
tsplit	TCGA-PRAD	13	tsplit__TCGA-PRAD__r13__A	tsplit__TCGA-PRAD__r13__B
rsplit	TCGA-PRAD	14	rsplit__TCGA-PRAD__r14__A	rsplit__TCGA-PRAD__r14__B
tsplit	TCGA-PRAD	14	tsplit__TCGA-PRAD__r14__A	tsplit__TCGA-PRAD__r14__B
rsplit	TCGA-STAD	0	rsplit__TCGA-STAD__r0__A	rsplit__TCGA-STAD__r0__B
shuffle	TCGA-STAD	0	shuf__TCGA-STAD__r0__A	shuf__TCGA-STAD__r0__B
tsplit	TCGA-STAD	0	tsplit__TCGA-STAD__r0__A	tsplit__TCGA-STAD__r0__B
rsplit	TCGA-STAD	1	rsplit__TCGA-STAD__r1__A	rsplit__TCGA-STAD__r1__B
shuffle	TCGA-STAD	1	shuf__TCGA-STAD__r1__A	shuf__TCGA-STAD__r1__B
tsplit	TCGA-STAD	1	tsplit__TCGA-STAD__r1__A	tsplit__TCGA-STAD__r1__B
rsplit	TCGA-STAD	2	rsplit__TCGA-STAD__r2__A	rsplit__TCGA-STAD__r2__B
shuffle	TCGA-STAD	2	shuf__TCGA-STAD__r2__A	shuf__TCGA-STAD__r2__B
tsplit	TCGA-STAD	2	tsplit__TCGA-STAD__r2__A	tsplit__TCGA-STAD__r2__B
rsplit	TCGA-STAD	3	rsplit__TCGA-STAD__r3__A	rsplit__TCGA-STAD__r3__B
shuffle	TCGA-STAD	3	shuf__TCGA-STAD__r3__A	shuf__TCGA-STAD__r3__B
tsplit	TCGA-STAD	3	tsplit__TCGA-STAD__r3__A	tsplit__TCGA-STAD__r3__B
rsplit	TCGA-STAD	4	rsplit__TCGA-STAD__r4__A	rsplit__TCGA-STAD__r4__B
shuffle	TCGA-STAD	4	shuf__TCGA-STAD__r4__A	shuf__TCGA-STAD__r4__B
tsplit	TCGA-STAD	4	tsplit__TCGA-STAD__r4__A	tsplit__TCGA-STAD__r4__B
rsplit	TCGA-STAD	5	rsplit__TCGA-STAD__r5__A	rsplit__TCGA-STAD__r5__B
shuffle	TCGA-STAD	5	shuf__TCGA-STAD__r5__A	shuf__TCGA-STAD__r5__B
tsplit	TCGA-STAD	5	tsplit__TCGA-STAD__r5__A	tsplit__TCGA-STAD__r5__B
rsplit	TCGA-STAD	6	rsplit__TCGA-STAD__r6__A	rsplit__TCGA-STAD__r6__B
shuffle	TCGA-STAD	6	shuf__TCGA-STAD__r6__A	shuf__TCGA-STAD__r6__B
tsplit	TCGA-STAD	6	tsplit__TCGA-STAD__r6__A	tsplit__TCGA-STAD__r6__B
rsplit	TCGA-STAD	7	rsplit__TCGA-STAD__r7__A	rsplit__TCGA-STAD__r7__B
shuffle	TCGA-STAD	7	shuf__TCGA-STAD__r7__A	shuf__TCGA-STAD__r7__B
tsplit	TCGA-STAD	7	tsplit__TCGA-STAD__r7__A	tsplit__TCGA-STAD__r7__B
rsplit	TCGA-STAD	8	rsplit__TCGA-STAD__r8__A	rsplit__TCGA-STAD__r8__B
tsplit	TCGA-STAD	8	tsplit__TCGA-STAD__r8__A	tsplit__TCGA-STAD__r8__B
rsplit	TCGA-STAD	9	rsplit__TCGA-STAD__r9__A	rsplit__TCGA-STAD__r9__B
tsplit	TCGA-STAD	9	tsplit__TCGA-STAD__r9__A	tsplit__TCGA-STAD__r9__B
rsplit	TCGA-STAD	10	rsplit__TCGA-STAD__r10__A	rsplit__TCGA-STAD__r10__B
tsplit	TCGA-STAD	10	tsplit__TCGA-STAD__r10__A	tsplit__TCGA-STAD__r10__B
rsplit	TCGA-STAD	11	rsplit__TCGA-STAD__r11__A	rsplit__TCGA-STAD__r11__B
tsplit	TCGA-STAD	11	tsplit__TCGA-STAD__r11__A	tsplit__TCGA-STAD__r11__B
rsplit	TCGA-STAD	12	rsplit__TCGA-STAD__r12__A	rsplit__TCGA-STAD__r12__B
tsplit	TCGA-STAD	12	tsplit__TCGA-STAD__r12__A	tsplit__TCGA-STAD__r12__B
rsplit	TCGA-STAD	13	rsplit__TCGA-STAD__r13__A	rsplit__TCGA-STAD__r13__B
tsplit	TCGA-STAD	13	tsplit__TCGA-STAD__r13__A	tsplit__TCGA-STAD__r13__B
rsplit	TCGA-STAD	14	rsplit__TCGA-STAD__r14__A	rsplit__TCGA-STAD__r14__B
tsplit	TCGA-STAD	14	tsplit__TCGA-STAD__r14__A	tsplit__TCGA-STAD__r14__B
rsplit	TCGA-THCA	0	rsplit__TCGA-THCA__r0__A	rsplit__TCGA-THCA__r0__B
shuffle	TCGA-THCA	0	shuf__TCGA-THCA__r0__A	shuf__TCGA-THCA__r0__B
tsplit	TCGA-THCA	0	tsplit__TCGA-THCA__r0__A	tsplit__TCGA-THCA__r0__B
rsplit	TCGA-THCA	1	rsplit__TCGA-THCA__r1__A	rsplit__TCGA-THCA__r1__B
shuffle	TCGA-THCA	1	shuf__TCGA-THCA__r1__A	shuf__TCGA-THCA__r1__B
tsplit	TCGA-THCA	1	tsplit__TCGA-THCA__r1__A	tsplit__TCGA-THCA__r1__B
rsplit	TCGA-THCA	2	rsplit__TCGA-THCA__r2__A	rsplit__TCGA-THCA__r2__B
shuffle	TCGA-THCA	2	shuf__TCGA-THCA__r2__A	shuf__TCGA-THCA__r2__B
tsplit	TCGA-THCA	2	tsplit__TCGA-THCA__r2__A	tsplit__TCGA-THCA__r2__B
rsplit	TCGA-THCA	3	rsplit__TCGA-THCA__r3__A	rsplit__TCGA-THCA__r3__B
shuffle	TCGA-THCA	3	shuf__TCGA-THCA__r3__A	shuf__TCGA-THCA__r3__B
tsplit	TCGA-THCA	3	tsplit__TCGA-THCA__r3__A	tsplit__TCGA-THCA__r3__B
rsplit	TCGA-THCA	4	rsplit__TCGA-THCA__r4__A	rsplit__TCGA-THCA__r4__B
shuffle	TCGA-THCA	4	shuf__TCGA-THCA__r4__A	shuf__TCGA-THCA__r4__B
tsplit	TCGA-THCA	4	tsplit__TCGA-THCA__r4__A	tsplit__TCGA-THCA__r4__B
rsplit	TCGA-THCA	5	rsplit__TCGA-THCA__r5__A	rsplit__TCGA-THCA__r5__B
shuffle	TCGA-THCA	5	shuf__TCGA-THCA__r5__A	shuf__TCGA-THCA__r5__B
tsplit	TCGA-THCA	5	tsplit__TCGA-THCA__r5__A	tsplit__TCGA-THCA__r5__B
rsplit	TCGA-THCA	6	rsplit__TCGA-THCA__r6__A	rsplit__TCGA-THCA__r6__B
shuffle	TCGA-THCA	6	shuf__TCGA-THCA__r6__A	shuf__TCGA-THCA__r6__B
tsplit	TCGA-THCA	6	tsplit__TCGA-THCA__r6__A	tsplit__TCGA-THCA__r6__B
rsplit	TCGA-THCA	7	rsplit__TCGA-THCA__r7__A	rsplit__TCGA-THCA__r7__B
shuffle	TCGA-THCA	7	shuf__TCGA-THCA__r7__A	shuf__TCGA-THCA__r7__B
tsplit	TCGA-THCA	7	tsplit__TCGA-THCA__r7__A	tsplit__TCGA-THCA__r7__B
rsplit	TCGA-THCA	8	rsplit__TCGA-THCA__r8__A	rsplit__TCGA-THCA__r8__B
tsplit	TCGA-THCA	8	tsplit__TCGA-THCA__r8__A	tsplit__TCGA-THCA__r8__B
rsplit	TCGA-THCA	9	rsplit__TCGA-THCA__r9__A	rsplit__TCGA-THCA__r9__B
tsplit	TCGA-THCA	9	tsplit__TCGA-THCA__r9__A	tsplit__TCGA-THCA__r9__B
rsplit	TCGA-THCA	10	rsplit__TCGA-THCA__r10__A	rsplit__TCGA-THCA__r10__B
tsplit	TCGA-THCA	10	tsplit__TCGA-THCA__r10__A	tsplit__TCGA-THCA__r10__B
rsplit	TCGA-THCA	11	rsplit__TCGA-THCA__r11__A	rsplit__TCGA-THCA__r11__B
tsplit	TCGA-THCA	11	tsplit__TCGA-THCA__r11__A	tsplit__TCGA-THCA__r11__B
rsplit	TCGA-THCA	12	rsplit__TCGA-THCA__r12__A	rsplit__TCGA-THCA__r12__B
tsplit	TCGA-THCA	12	tsplit__TCGA-THCA__r12__A	tsplit__TCGA-THCA__r12__B
rsplit	TCGA-THCA	13	rsplit__TCGA-THCA__r13__A	rsplit__TCGA-THCA__r13__B
tsplit	TCGA-THCA	13	tsplit__TCGA-THCA__r13__A	tsplit__TCGA-THCA__r13__B
rsplit	TCGA-THCA	14	rsplit__TCGA-THCA__r14__A	rsplit__TCGA-THCA__r14__B
tsplit	TCGA-THCA	14	tsplit__TCGA-THCA__r14__A	tsplit__TCGA-THCA__r14__B
rsplit	TCGA-UCEC	0	rsplit__TCGA-UCEC__r0__A	rsplit__TCGA-UCEC__r0__B
shuffle	TCGA-UCEC	0	shuf__TCGA-UCEC__r0__A	shuf__TCGA-UCEC__r0__B
tsplit	TCGA-UCEC	0	tsplit__TCGA-UCEC__r0__A	tsplit__TCGA-UCEC__r0__B
rsplit	TCGA-UCEC	1	rsplit__TCGA-UCEC__r1__A	rsplit__TCGA-UCEC__r1__B
shuffle	TCGA-UCEC	1	shuf__TCGA-UCEC__r1__A	shuf__TCGA-UCEC__r1__B
tsplit	TCGA-UCEC	1	tsplit__TCGA-UCEC__r1__A	tsplit__TCGA-UCEC__r1__B
rsplit	TCGA-UCEC	2	rsplit__TCGA-UCEC__r2__A	rsplit__TCGA-UCEC__r2__B
shuffle	TCGA-UCEC	2	shuf__TCGA-UCEC__r2__A	shuf__TCGA-UCEC__r2__B
tsplit	TCGA-UCEC	2	tsplit__TCGA-UCEC__r2__A	tsplit__TCGA-UCEC__r2__B
rsplit	TCGA-UCEC	3	rsplit__TCGA-UCEC__r3__A	rsplit__TCGA-UCEC__r3__B
shuffle	TCGA-UCEC	3	shuf__TCGA-UCEC__r3__A	shuf__TCGA-UCEC__r3__B
tsplit	TCGA-UCEC	3	tsplit__TCGA-UCEC__r3__A	tsplit__TCGA-UCEC__r3__B
rsplit	TCGA-UCEC	4	rsplit__TCGA-UCEC__r4__A	rsplit__TCGA-UCEC__r4__B
shuffle	TCGA-UCEC	4	shuf__TCGA-UCEC__r4__A	shuf__TCGA-UCEC__r4__B
tsplit	TCGA-UCEC	4	tsplit__TCGA-UCEC__r4__A	tsplit__TCGA-UCEC__r4__B
rsplit	TCGA-UCEC	5	rsplit__TCGA-UCEC__r5__A	rsplit__TCGA-UCEC__r5__B
shuffle	TCGA-UCEC	5	shuf__TCGA-UCEC__r5__A	shuf__TCGA-UCEC__r5__B
tsplit	TCGA-UCEC	5	tsplit__TCGA-UCEC__r5__A	tsplit__TCGA-UCEC__r5__B
rsplit	TCGA-UCEC	6	rsplit__TCGA-UCEC__r6__A	rsplit__TCGA-UCEC__r6__B
shuffle	TCGA-UCEC	6	shuf__TCGA-UCEC__r6__A	shuf__TCGA-UCEC__r6__B
tsplit	TCGA-UCEC	6	tsplit__TCGA-UCEC__r6__A	tsplit__TCGA-UCEC__r6__B
rsplit	TCGA-UCEC	7	rsplit__TCGA-UCEC__r7__A	rsplit__TCGA-UCEC__r7__B
shuffle	TCGA-UCEC	7	shuf__TCGA-UCEC__r7__A	shuf__TCGA-UCEC__r7__B
tsplit	TCGA-UCEC	7	tsplit__TCGA-UCEC__r7__A	tsplit__TCGA-UCEC__r7__B
rsplit	TCGA-UCEC	8	rsplit__TCGA-UCEC__r8__A	rsplit__TCGA-UCEC__r8__B
tsplit	TCGA-UCEC	8	tsplit__TCGA-UCEC__r8__A	tsplit__TCGA-UCEC__r8__B
rsplit	TCGA-UCEC	9	rsplit__TCGA-UCEC__r9__A	rsplit__TCGA-UCEC__r9__B
tsplit	TCGA-UCEC	9	tsplit__TCGA-UCEC__r9__A	tsplit__TCGA-UCEC__r9__B
rsplit	TCGA-UCEC	10	rsplit__TCGA-UCEC__r10__A	rsplit__TCGA-UCEC__r10__B
tsplit	TCGA-UCEC	10	tsplit__TCGA-UCEC__r10__A	tsplit__TCGA-UCEC__r10__B
rsplit	TCGA-UCEC	11	rsplit__TCGA-UCEC__r11__A	rsplit__TCGA-UCEC__r11__B
tsplit	TCGA-UCEC	11	tsplit__TCGA-UCEC__r11__A	tsplit__TCGA-UCEC__r11__B
rsplit	TCGA-UCEC	12	rsplit__TCGA-UCEC__r12__A	rsplit__TCGA-UCEC__r12__B
tsplit	TCGA-UCEC	12	tsplit__TCGA-UCEC__r12__A	tsplit__TCGA-UCEC__r12__B
rsplit	TCGA-UCEC	13	rsplit__TCGA-UCEC__r13__A	rsplit__TCGA-UCEC__r13__B
tsplit	TCGA-UCEC	13	tsplit__TCGA-UCEC__r13__A	tsplit__TCGA-UCEC__r13__B
rsplit	TCGA-UCEC	14	rsplit__TCGA-UCEC__r14__A	rsplit__TCGA-UCEC__r14__B
tsplit	TCGA-UCEC	14	tsplit__TCGA-UCEC__r14__A	tsplit__TCGA-UCEC__r14__B
